company,website
ChatCo 0,https://chat0.example.com
ChatCo 1,https://chat1.example.com
ChatCo 2,https://chat2.example.com
ChatCo 3,https://chat3.example.com
ChatCo 4,https://chat4.example.com
ChatCo 5,https://chat5.example.com
ChatCo 6,https://chat6.example.com
ChatCo 7,https://chat7.example.com
ChatCo 8,https://chat8.example.com
ChatCo 9,https://chat9.example.com
ChatCo 10,https://chat10.example.com
ChatCo 11,https://chat11.example.com
ChatCo 12,https://chat12.example.com
ChatCo 13,https://chat13.example.com
ChatCo 14,https://chat14.example.com
ChatCo 15,https://chat15.example.com
ChatCo 16,https://chat16.example.com
ChatCo 17,https://chat17.example.com
ChatCo 18,https://chat18.example.com
ChatCo 19,https://chat19.example.com
ChatCo 20,https://chat20.example.com
ChatCo 21,https://chat21.example.com
ChatCo 22,https://chat22.example.com
ChatCo 23,https://chat23.example.com
ChatCo 24,https://chat24.example.com
ChatCo 25,https://chat25.example.com
ChatCo 26,https://chat26.example.com
ChatCo 27,https://chat27.example.com
ChatCo 28,https://chat28.example.com
ChatCo 29,https://chat29.example.com
ChatCo 30,https://chat30.example.com
ChatCo 31,https://chat31.example.com
ChatCo 32,https://chat32.example.com
ChatCo 33,https://chat33.example.com
ChatCo 34,https://chat34.example.com
ChatCo 35,https://chat35.example.com
ChatCo 36,https://chat36.example.com
ChatCo 37,https://chat37.example.com
ChatCo 38,https://chat38.example.com
ChatCo 39,https://chat39.example.com
ChatCo 40,https://chat40.example.com
ChatCo 41,https://chat41.example.com
ChatCo 42,https://chat42.example.com
ChatCo 43,https://chat43.example.com
ChatCo 44,https://chat44.example.com
ChatCo 45,https://chat45.example.com
ChatCo 46,https://chat46.example.com
ChatCo 47,https://chat47.example.com
ChatCo 48,https://chat48.example.com
ChatCo 49,https://chat49.example.com
ChatCo 50,https://chat50.example.com
ChatCo 51,https://chat51.example.com
ChatCo 52,https://chat52.example.com
ChatCo 53,https://chat53.example.com
ChatCo 54,https://chat54.example.com
ChatCo 55,https://chat55.example.com
ChatCo 56,https://chat56.example.com
ChatCo 57,https://chat57.example.com
ChatCo 58,https://chat58.example.com
ChatCo 59,https://chat59.example.com
ChatCo 60,https://chat60.example.com
ChatCo 61,https://chat61.example.com
ChatCo 62,https://chat62.example.com
ChatCo 63,https://chat63.example.com
ChatCo 64,https://chat64.example.com
ChatCo 65,https://chat65.example.com
ChatCo 66,https://chat66.example.com
ChatCo 67,https://chat67.example.com
ChatCo 68,https://chat68.example.com
ChatCo 69,https://chat69.example.com
ChatCo 70,https://chat70.example.com
ChatCo 71,https://chat71.example.com
ChatCo 72,https://chat72.example.com
ChatCo 73,https://chat73.example.com
ChatCo 74,https://chat74.example.com
ChatCo 75,https://chat75.example.com
ChatCo 76,https://chat76.example.com
ChatCo 77,https://chat77.example.com
ChatCo 78,https://chat78.example.com
ChatCo 79,https://chat79.example.com
ChatCo 80,https://chat80.example.com
ChatCo 81,https://chat81.example.com
ChatCo 82,https://chat82.example.com
ChatCo 83,https://chat83.example.com
ChatCo 84,https://chat84.example.com
ChatCo 85,https://chat85.example.com
ChatCo 86,https://chat86.example.com
ChatCo 87,https://chat87.example.com
ChatCo 88,https://chat88.example.com
ChatCo 89,https://chat89.example.com
ChatCo 90,https://chat90.example.com
ChatCo 91,https://chat91.example.com
ChatCo 92,https://chat92.example.com
ChatCo 93,https://chat93.example.com
ChatCo 94,https://chat94.example.com
ChatCo 95,https://chat95.example.com
ChatCo 96,https://chat96.example.com
ChatCo 97,https://chat97.example.com
ChatCo 98,https://chat98.example.com
ChatCo 99,https://chat99.example.com
ChatCo 100,https://chat100.example.com
ChatCo 101,https://chat101.example.com
ChatCo 102,https://chat102.example.com
ChatCo 103,https://chat103.example.com
ChatCo 104,https://chat104.example.com
ChatCo 105,https://chat105.example.com
ChatCo 106,https://chat106.example.com
ChatCo 107,https://chat107.example.com
ChatCo 108,https://chat108.example.com
ChatCo 109,https://chat109.example.com
ChatCo 110,https://chat110.example.com
ChatCo 111,https://chat111.example.com
ChatCo 112,https://chat112.example.com
ChatCo 113,https://chat113.example.com
ChatCo 114,https://chat114.example.com
ChatCo 115,https://chat115.example.com
ChatCo 116,https://chat116.example.com
ChatCo 117,https://chat117.example.com
ChatCo 118,https://chat118.example.com
ChatCo 119,https://chat119.example.com
ChatCo 120,https://chat120.example.com
ChatCo 121,https://chat121.example.com
ChatCo 122,https://chat122.example.com
ChatCo 123,https://chat123.example.com
ChatCo 124,https://chat124.example.com
ChatCo 125,https://chat125.example.com
ChatCo 126,https://chat126.example.com
ChatCo 127,https://chat127.example.com
ChatCo 128,https://chat128.example.com
ChatCo 129,https://chat129.example.com
ChatCo 130,https://chat130.example.com
ChatCo 131,https://chat131.example.com
ChatCo 132,https://chat132.example.com
ChatCo 133,https://chat133.example.com
ChatCo 134,https://chat134.example.com
ChatCo 135,https://chat135.example.com
ChatCo 136,https://chat136.example.com
ChatCo 137,https://chat137.example.com
ChatCo 138,https://chat138.example.com
ChatCo 139,https://chat139.example.com
ChatCo 140,https://chat140.example.com
ChatCo 141,https://chat141.example.com
ChatCo 142,https://chat142.example.com
ChatCo 143,https://chat143.example.com
ChatCo 144,https://chat144.example.com
ChatCo 145,https://chat145.example.com
ChatCo 146,https://chat146.example.com
ChatCo 147,https://chat147.example.com
ChatCo 148,https://chat148.example.com
ChatCo 149,https://chat149.example.com
ChatCo 150,https://chat150.example.com
ChatCo 151,https://chat151.example.com
ChatCo 152,https://chat152.example.com
ChatCo 153,https://chat153.example.com
ChatCo 154,https://chat154.example.com
ChatCo 155,https://chat155.example.com
ChatCo 156,https://chat156.example.com
ChatCo 157,https://chat157.example.com
ChatCo 158,https://chat158.example.com
ChatCo 159,https://chat159.example.com
ChatCo 160,https://chat160.example.com
ChatCo 161,https://chat161.example.com
ChatCo 162,https://chat162.example.com
ChatCo 163,https://chat163.example.com
ChatCo 164,https://chat164.example.com
ChatCo 165,https://chat165.example.com
ChatCo 166,https://chat166.example.com
ChatCo 167,https://chat167.example.com
ChatCo 168,https://chat168.example.com
ChatCo 169,https://chat169.example.com
ChatCo 170,https://chat170.example.com
ChatCo 171,https://chat171.example.com
ChatCo 172,https://chat172.example.com
ChatCo 173,https://chat173.example.com
ChatCo 174,https://chat174.example.com
ChatCo 175,https://chat175.example.com
ChatCo 176,https://chat176.example.com
ChatCo 177,https://chat177.example.com
ChatCo 178,https://chat178.example.com
ChatCo 179,https://chat179.example.com
ChatCo 180,https://chat180.example.com
ChatCo 181,https://chat181.example.com
ChatCo 182,https://chat182.example.com
ChatCo 183,https://chat183.example.com
ChatCo 184,https://chat184.example.com
ChatCo 185,https://chat185.example.com
ChatCo 186,https://chat186.example.com
ChatCo 187,https://chat187.example.com
ChatCo 188,https://chat188.example.com
ChatCo 189,https://chat189.example.com
ChatCo 190,https://chat190.example.com
ChatCo 191,https://chat191.example.com
ChatCo 192,https://chat192.example.com
ChatCo 193,https://chat193.example.com
ChatCo 194,https://chat194.example.com
ChatCo 195,https://chat195.example.com
ChatCo 196,https://chat196.example.com
ChatCo 197,https://chat197.example.com
ChatCo 198,https://chat198.example.com
ChatCo 199,https://chat199.example.com
ChatCo 200,https://chat200.example.com
ChatCo 201,https://chat201.example.com
ChatCo 202,https://chat202.example.com
ChatCo 203,https://chat203.example.com
ChatCo 204,https://chat204.example.com
ChatCo 205,https://chat205.example.com
ChatCo 206,https://chat206.example.com
ChatCo 207,https://chat207.example.com
ChatCo 208,https://chat208.example.com
ChatCo 209,https://chat209.example.com
ChatCo 210,https://chat210.example.com
ChatCo 211,https://chat211.example.com
ChatCo 212,https://chat212.example.com
ChatCo 213,https://chat213.example.com
ChatCo 214,https://chat214.example.com
ChatCo 215,https://chat215.example.com
ChatCo 216,https://chat216.example.com
ChatCo 217,https://chat217.example.com
ChatCo 218,https://chat218.example.com
ChatCo 219,https://chat219.example.com
ChatCo 220,https://chat220.example.com
ChatCo 221,https://chat221.example.com
ChatCo 222,https://chat222.example.com
ChatCo 223,https://chat223.example.com
ChatCo 224,https://chat224.example.com
ChatCo 225,https://chat225.example.com
ChatCo 226,https://chat226.example.com
ChatCo 227,https://chat227.example.com
ChatCo 228,https://chat228.example.com
ChatCo 229,https://chat229.example.com
ChatCo 230,https://chat230.example.com
ChatCo 231,https://chat231.example.com
ChatCo 232,https://chat232.example.com
ChatCo 233,https://chat233.example.com
ChatCo 234,https://chat234.example.com
ChatCo 235,https://chat235.example.com
ChatCo 236,https://chat236.example.com
ChatCo 237,https://chat237.example.com
ChatCo 238,https://chat238.example.com
ChatCo 239,https://chat239.example.com
ChatCo 240,https://chat240.example.com
ChatCo 241,https://chat241.example.com
ChatCo 242,https://chat242.example.com
ChatCo 243,https://chat243.example.com
ChatCo 244,https://chat244.example.com
ChatCo 245,https://chat245.example.com
ChatCo 246,https://chat246.example.com
ChatCo 247,https://chat247.example.com
ChatCo 248,https://chat248.example.com
ChatCo 249,https://chat249.example.com
ChatCo 250,https://chat250.example.com
ChatCo 251,https://chat251.example.com
ChatCo 252,https://chat252.example.com
ChatCo 253,https://chat253.example.com
ChatCo 254,https://chat254.example.com
ChatCo 255,https://chat255.example.com
ChatCo 256,https://chat256.example.com
ChatCo 257,https://chat257.example.com
ChatCo 258,https://chat258.example.com
ChatCo 259,https://chat259.example.com
ChatCo 260,https://chat260.example.com
ChatCo 261,https://chat261.example.com
ChatCo 262,https://chat262.example.com
ChatCo 263,https://chat263.example.com
ChatCo 264,https://chat264.example.com
ChatCo 265,https://chat265.example.com
ChatCo 266,https://chat266.example.com
ChatCo 267,https://chat267.example.com
ChatCo 268,https://chat268.example.com
ChatCo 269,https://chat269.example.com
ChatCo 270,https://chat270.example.com
ChatCo 271,https://chat271.example.com
ChatCo 272,https://chat272.example.com
ChatCo 273,https://chat273.example.com
ChatCo 274,https://chat274.example.com
ChatCo 275,https://chat275.example.com
ChatCo 276,https://chat276.example.com
ChatCo 277,https://chat277.example.com
ChatCo 278,https://chat278.example.com
ChatCo 279,https://chat279.example.com
ChatCo 280,https://chat280.example.com
ChatCo 281,https://chat281.example.com
ChatCo 282,https://chat282.example.com
ChatCo 283,https://chat283.example.com
ChatCo 284,https://chat284.example.com
ChatCo 285,https://chat285.example.com
ChatCo 286,https://chat286.example.com
ChatCo 287,https://chat287.example.com
ChatCo 288,https://chat288.example.com
ChatCo 289,https://chat289.example.com
ChatCo 290,https://chat290.example.com
ChatCo 291,https://chat291.example.com
ChatCo 292,https://chat292.example.com
ChatCo 293,https://chat293.example.com
ChatCo 294,https://chat294.example.com
ChatCo 295,https://chat295.example.com
ChatCo 296,https://chat296.example.com
ChatCo 297,https://chat297.example.com
ChatCo 298,https://chat298.example.com
ChatCo 299,https://chat299.example.com
ChatCo 300,https://chat300.example.com
ChatCo 301,https://chat301.example.com
ChatCo 302,https://chat302.example.com
ChatCo 303,https://chat303.example.com
ChatCo 304,https://chat304.example.com
ChatCo 305,https://chat305.example.com
ChatCo 306,https://chat306.example.com
ChatCo 307,https://chat307.example.com
ChatCo 308,https://chat308.example.com
ChatCo 309,https://chat309.example.com
ChatCo 310,https://chat310.example.com
ChatCo 311,https://chat311.example.com
ChatCo 312,https://chat312.example.com
ChatCo 313,https://chat313.example.com
ChatCo 314,https://chat314.example.com
ChatCo 315,https://chat315.example.com
ChatCo 316,https://chat316.example.com
ChatCo 317,https://chat317.example.com
ChatCo 318,https://chat318.example.com
ChatCo 319,https://chat319.example.com
ChatCo 320,https://chat320.example.com
ChatCo 321,https://chat321.example.com
ChatCo 322,https://chat322.example.com
ChatCo 323,https://chat323.example.com
ChatCo 324,https://chat324.example.com
ChatCo 325,https://chat325.example.com
ChatCo 326,https://chat326.example.com
ChatCo 327,https://chat327.example.com
ChatCo 328,https://chat328.example.com
ChatCo 329,https://chat329.example.com
ChatCo 330,https://chat330.example.com
ChatCo 331,https://chat331.example.com
ChatCo 332,https://chat332.example.com
ChatCo 333,https://chat333.example.com
ChatCo 334,https://chat334.example.com
ChatCo 335,https://chat335.example.com
ChatCo 336,https://chat336.example.com
ChatCo 337,https://chat337.example.com
ChatCo 338,https://chat338.example.com
ChatCo 339,https://chat339.example.com
ChatCo 340,https://chat340.example.com
ChatCo 341,https://chat341.example.com
ChatCo 342,https://chat342.example.com
ChatCo 343,https://chat343.example.com
ChatCo 344,https://chat344.example.com
ChatCo 345,https://chat345.example.com
ChatCo 346,https://chat346.example.com
ChatCo 347,https://chat347.example.com
ChatCo 348,https://chat348.example.com
ChatCo 349,https://chat349.example.com
ChatCo 350,https://chat350.example.com
ChatCo 351,https://chat351.example.com
ChatCo 352,https://chat352.example.com
ChatCo 353,https://chat353.example.com
ChatCo 354,https://chat354.example.com
ChatCo 355,https://chat355.example.com
ChatCo 356,https://chat356.example.com
ChatCo 357,https://chat357.example.com
ChatCo 358,https://chat358.example.com
ChatCo 359,https://chat359.example.com
ChatCo 360,https://chat360.example.com
ChatCo 361,https://chat361.example.com
ChatCo 362,https://chat362.example.com
ChatCo 363,https://chat363.example.com
ChatCo 364,https://chat364.example.com
ChatCo 365,https://chat365.example.com
ChatCo 366,https://chat366.example.com
ChatCo 367,https://chat367.example.com
ChatCo 368,https://chat368.example.com
ChatCo 369,https://chat369.example.com
ChatCo 370,https://chat370.example.com
ChatCo 371,https://chat371.example.com
ChatCo 372,https://chat372.example.com
ChatCo 373,https://chat373.example.com
ChatCo 374,https://chat374.example.com
ChatCo 375,https://chat375.example.com
ChatCo 376,https://chat376.example.com
ChatCo 377,https://chat377.example.com
ChatCo 378,https://chat378.example.com
ChatCo 379,https://chat379.example.com
ChatCo 380,https://chat380.example.com
ChatCo 381,https://chat381.example.com
ChatCo 382,https://chat382.example.com
ChatCo 383,https://chat383.example.com
ChatCo 384,https://chat384.example.com
ChatCo 385,https://chat385.example.com
ChatCo 386,https://chat386.example.com
ChatCo 387,https://chat387.example.com
ChatCo 388,https://chat388.example.com
ChatCo 389,https://chat389.example.com
ChatCo 390,https://chat390.example.com
ChatCo 391,https://chat391.example.com
ChatCo 392,https://chat392.example.com
ChatCo 393,https://chat393.example.com
ChatCo 394,https://chat394.example.com
ChatCo 395,https://chat395.example.com
ChatCo 396,https://chat396.example.com
ChatCo 397,https://chat397.example.com
ChatCo 398,https://chat398.example.com
ChatCo 399,https://chat399.example.com
ChatCo 400,https://chat400.example.com
ChatCo 401,https://chat401.example.com
ChatCo 402,https://chat402.example.com
ChatCo 403,https://chat403.example.com
ChatCo 404,https://chat404.example.com
ChatCo 405,https://chat405.example.com
ChatCo 406,https://chat406.example.com
ChatCo 407,https://chat407.example.com
ChatCo 408,https://chat408.example.com
ChatCo 409,https://chat409.example.com
ChatCo 410,https://chat410.example.com
ChatCo 411,https://chat411.example.com
ChatCo 412,https://chat412.example.com
ChatCo 413,https://chat413.example.com
ChatCo 414,https://chat414.example.com
ChatCo 415,https://chat415.example.com
ChatCo 416,https://chat416.example.com
ChatCo 417,https://chat417.example.com
ChatCo 418,https://chat418.example.com
ChatCo 419,https://chat419.example.com
ChatCo 420,https://chat420.example.com
ChatCo 421,https://chat421.example.com
ChatCo 422,https://chat422.example.com
ChatCo 423,https://chat423.example.com
ChatCo 424,https://chat424.example.com
ChatCo 425,https://chat425.example.com
ChatCo 426,https://chat426.example.com
ChatCo 427,https://chat427.example.com
ChatCo 428,https://chat428.example.com
ChatCo 429,https://chat429.example.com
ChatCo 430,https://chat430.example.com
ChatCo 431,https://chat431.example.com
ChatCo 432,https://chat432.example.com
ChatCo 433,https://chat433.example.com
ChatCo 434,https://chat434.example.com
ChatCo 435,https://chat435.example.com
ChatCo 436,https://chat436.example.com
ChatCo 437,https://chat437.example.com
ChatCo 438,https://chat438.example.com
ChatCo 439,https://chat439.example.com
ChatCo 440,https://chat440.example.com
ChatCo 441,https://chat441.example.com
ChatCo 442,https://chat442.example.com
ChatCo 443,https://chat443.example.com
ChatCo 444,https://chat444.example.com
ChatCo 445,https://chat445.example.com
ChatCo 446,https://chat446.example.com
ChatCo 447,https://chat447.example.com
ChatCo 448,https://chat448.example.com
ChatCo 449,https://chat449.example.com
ChatCo 450,https://chat450.example.com
ChatCo 451,https://chat451.example.com
ChatCo 452,https://chat452.example.com
ChatCo 453,https://chat453.example.com
ChatCo 454,https://chat454.example.com
ChatCo 455,https://chat455.example.com
ChatCo 456,https://chat456.example.com
ChatCo 457,https://chat457.example.com
ChatCo 458,https://chat458.example.com
ChatCo 459,https://chat459.example.com
ChatCo 460,https://chat460.example.com
ChatCo 461,https://chat461.example.com
ChatCo 462,https://chat462.example.com
ChatCo 463,https://chat463.example.com
ChatCo 464,https://chat464.example.com
ChatCo 465,https://chat465.example.com
ChatCo 466,https://chat466.example.com
ChatCo 467,https://chat467.example.com
ChatCo 468,https://chat468.example.com
ChatCo 469,https://chat469.example.com
ChatCo 470,https://chat470.example.com
ChatCo 471,https://chat471.example.com
ChatCo 472,https://chat472.example.com
ChatCo 473,https://chat473.example.com
ChatCo 474,https://chat474.example.com
ChatCo 475,https://chat475.example.com
ChatCo 476,https://chat476.example.com
ChatCo 477,https://chat477.example.com
ChatCo 478,https://chat478.example.com
ChatCo 479,https://chat479.example.com
ChatCo 480,https://chat480.example.com
ChatCo 481,https://chat481.example.com
ChatCo 482,https://chat482.example.com
ChatCo 483,https://chat483.example.com
ChatCo 484,https://chat484.example.com
ChatCo 485,https://chat485.example.com
ChatCo 486,https://chat486.example.com
ChatCo 487,https://chat487.example.com
ChatCo 488,https://chat488.example.com
ChatCo 489,https://chat489.example.com
ChatCo 490,https://chat490.example.com
ChatCo 491,https://chat491.example.com
ChatCo 492,https://chat492.example.com
ChatCo 493,https://chat493.example.com
ChatCo 494,https://chat494.example.com
ChatCo 495,https://chat495.example.com
ChatCo 496,https://chat496.example.com
ChatCo 497,https://chat497.example.com
ChatCo 498,https://chat498.example.com
ChatCo 499,https://chat499.example.com
ChatCo 500,https://chat500.example.com
ChatCo 501,https://chat501.example.com
ChatCo 502,https://chat502.example.com
ChatCo 503,https://chat503.example.com
ChatCo 504,https://chat504.example.com
ChatCo 505,https://chat505.example.com
ChatCo 506,https://chat506.example.com
ChatCo 507,https://chat507.example.com
ChatCo 508,https://chat508.example.com
ChatCo 509,https://chat509.example.com
ChatCo 510,https://chat510.example.com
ChatCo 511,https://chat511.example.com
ChatCo 512,https://chat512.example.com
ChatCo 513,https://chat513.example.com
ChatCo 514,https://chat514.example.com
ChatCo 515,https://chat515.example.com
ChatCo 516,https://chat516.example.com
ChatCo 517,https://chat517.example.com
ChatCo 518,https://chat518.example.com
ChatCo 519,https://chat519.example.com
ChatCo 520,https://chat520.example.com
ChatCo 521,https://chat521.example.com
ChatCo 522,https://chat522.example.com
ChatCo 523,https://chat523.example.com
ChatCo 524,https://chat524.example.com
ChatCo 525,https://chat525.example.com
ChatCo 526,https://chat526.example.com
ChatCo 527,https://chat527.example.com
ChatCo 528,https://chat528.example.com
ChatCo 529,https://chat529.example.com
ChatCo 530,https://chat530.example.com
ChatCo 531,https://chat531.example.com
ChatCo 532,https://chat532.example.com
ChatCo 533,https://chat533.example.com
ChatCo 534,https://chat534.example.com
ChatCo 535,https://chat535.example.com
ChatCo 536,https://chat536.example.com
ChatCo 537,https://chat537.example.com
ChatCo 538,https://chat538.example.com
ChatCo 539,https://chat539.example.com
ChatCo 540,https://chat540.example.com
ChatCo 541,https://chat541.example.com
ChatCo 542,https://chat542.example.com
ChatCo 543,https://chat543.example.com
ChatCo 544,https://chat544.example.com
ChatCo 545,https://chat545.example.com
ChatCo 546,https://chat546.example.com
ChatCo 547,https://chat547.example.com
ChatCo 548,https://chat548.example.com
ChatCo 549,https://chat549.example.com
ChatCo 550,https://chat550.example.com
ChatCo 551,https://chat551.example.com
ChatCo 552,https://chat552.example.com
ChatCo 553,https://chat553.example.com
ChatCo 554,https://chat554.example.com
ChatCo 555,https://chat555.example.com
ChatCo 556,https://chat556.example.com
ChatCo 557,https://chat557.example.com
ChatCo 558,https://chat558.example.com
ChatCo 559,https://chat559.example.com
ChatCo 560,https://chat560.example.com
ChatCo 561,https://chat561.example.com
ChatCo 562,https://chat562.example.com
ChatCo 563,https://chat563.example.com
ChatCo 564,https://chat564.example.com
ChatCo 565,https://chat565.example.com
ChatCo 566,https://chat566.example.com
ChatCo 567,https://chat567.example.com
ChatCo 568,https://chat568.example.com
ChatCo 569,https://chat569.example.com
ChatCo 570,https://chat570.example.com
ChatCo 571,https://chat571.example.com
ChatCo 572,https://chat572.example.com
ChatCo 573,https://chat573.example.com
ChatCo 574,https://chat574.example.com
ChatCo 575,https://chat575.example.com
ChatCo 576,https://chat576.example.com
ChatCo 577,https://chat577.example.com
ChatCo 578,https://chat578.example.com
ChatCo 579,https://chat579.example.com
ChatCo 580,https://chat580.example.com
ChatCo 581,https://chat581.example.com
ChatCo 582,https://chat582.example.com
ChatCo 583,https://chat583.example.com
ChatCo 584,https://chat584.example.com
ChatCo 585,https://chat585.example.com
ChatCo 586,https://chat586.example.com
ChatCo 587,https://chat587.example.com
ChatCo 588,https://chat588.example.com
ChatCo 589,https://chat589.example.com
ChatCo 590,https://chat590.example.com
ChatCo 591,https://chat591.example.com
ChatCo 592,https://chat592.example.com
ChatCo 593,https://chat593.example.com
ChatCo 594,https://chat594.example.com
ChatCo 595,https://chat595.example.com
ChatCo 596,https://chat596.example.com
ChatCo 597,https://chat597.example.com
ChatCo 598,https://chat598.example.com
ChatCo 599,https://chat599.example.com
ChatCo 600,https://chat600.example.com
ChatCo 601,https://chat601.example.com
ChatCo 602,https://chat602.example.com
ChatCo 603,https://chat603.example.com
ChatCo 604,https://chat604.example.com
ChatCo 605,https://chat605.example.com
ChatCo 606,https://chat606.example.com
ChatCo 607,https://chat607.example.com
ChatCo 608,https://chat608.example.com
ChatCo 609,https://chat609.example.com
ChatCo 610,https://chat610.example.com
ChatCo 611,https://chat611.example.com
ChatCo 612,https://chat612.example.com
ChatCo 613,https://chat613.example.com
ChatCo 614,https://chat614.example.com
ChatCo 615,https://chat615.example.com
ChatCo 616,https://chat616.example.com
ChatCo 617,https://chat617.example.com
ChatCo 618,https://chat618.example.com
ChatCo 619,https://chat619.example.com
ChatCo 620,https://chat620.example.com
ChatCo 621,https://chat621.example.com
ChatCo 622,https://chat622.example.com
ChatCo 623,https://chat623.example.com
ChatCo 624,https://chat624.example.com
ChatCo 625,https://chat625.example.com
ChatCo 626,https://chat626.example.com
ChatCo 627,https://chat627.example.com
ChatCo 628,https://chat628.example.com
ChatCo 629,https://chat629.example.com
ChatCo 630,https://chat630.example.com
ChatCo 631,https://chat631.example.com
ChatCo 632,https://chat632.example.com
ChatCo 633,https://chat633.example.com
ChatCo 634,https://chat634.example.com
ChatCo 635,https://chat635.example.com
ChatCo 636,https://chat636.example.com
ChatCo 637,https://chat637.example.com
ChatCo 638,https://chat638.example.com
ChatCo 639,https://chat639.example.com
ChatCo 640,https://chat640.example.com
ChatCo 641,https://chat641.example.com
ChatCo 642,https://chat642.example.com
ChatCo 643,https://chat643.example.com
ChatCo 644,https://chat644.example.com
ChatCo 645,https://chat645.example.com
ChatCo 646,https://chat646.example.com
ChatCo 647,https://chat647.example.com
ChatCo 648,https://chat648.example.com
ChatCo 649,https://chat649.example.com
ChatCo 650,https://chat650.example.com
ChatCo 651,https://chat651.example.com
ChatCo 652,https://chat652.example.com
ChatCo 653,https://chat653.example.com
ChatCo 654,https://chat654.example.com
ChatCo 655,https://chat655.example.com
ChatCo 656,https://chat656.example.com
ChatCo 657,https://chat657.example.com
ChatCo 658,https://chat658.example.com
ChatCo 659,https://chat659.example.com
ChatCo 660,https://chat660.example.com
ChatCo 661,https://chat661.example.com
ChatCo 662,https://chat662.example.com
ChatCo 663,https://chat663.example.com
ChatCo 664,https://chat664.example.com
ChatCo 665,https://chat665.example.com
ChatCo 666,https://chat666.example.com
ChatCo 667,https://chat667.example.com
ChatCo 668,https://chat668.example.com
ChatCo 669,https://chat669.example.com
ChatCo 670,https://chat670.example.com
ChatCo 671,https://chat671.example.com
ChatCo 672,https://chat672.example.com
ChatCo 673,https://chat673.example.com
ChatCo 674,https://chat674.example.com
ChatCo 675,https://chat675.example.com
ChatCo 676,https://chat676.example.com
ChatCo 677,https://chat677.example.com
ChatCo 678,https://chat678.example.com
ChatCo 679,https://chat679.example.com
ChatCo 680,https://chat680.example.com
ChatCo 681,https://chat681.example.com
ChatCo 682,https://chat682.example.com
ChatCo 683,https://chat683.example.com
ChatCo 684,https://chat684.example.com
ChatCo 685,https://chat685.example.com
ChatCo 686,https://chat686.example.com
ChatCo 687,https://chat687.example.com
ChatCo 688,https://chat688.example.com
ChatCo 689,https://chat689.example.com
ChatCo 690,https://chat690.example.com
ChatCo 691,https://chat691.example.com
ChatCo 692,https://chat692.example.com
ChatCo 693,https://chat693.example.com
ChatCo 694,https://chat694.example.com
ChatCo 695,https://chat695.example.com
ChatCo 696,https://chat696.example.com
ChatCo 697,https://chat697.example.com
ChatCo 698,https://chat698.example.com
ChatCo 699,https://chat699.example.com
ChatCo 700,https://chat700.example.com
ChatCo 701,https://chat701.example.com
ChatCo 702,https://chat702.example.com
ChatCo 703,https://chat703.example.com
ChatCo 704,https://chat704.example.com
ChatCo 705,https://chat705.example.com
ChatCo 706,https://chat706.example.com
ChatCo 707,https://chat707.example.com
ChatCo 708,https://chat708.example.com
ChatCo 709,https://chat709.example.com
ChatCo 710,https://chat710.example.com
ChatCo 711,https://chat711.example.com
ChatCo 712,https://chat712.example.com
ChatCo 713,https://chat713.example.com
ChatCo 714,https://chat714.example.com
ChatCo 715,https://chat715.example.com
ChatCo 716,https://chat716.example.com
ChatCo 717,https://chat717.example.com
ChatCo 718,https://chat718.example.com
ChatCo 719,https://chat719.example.com
ChatCo 720,https://chat720.example.com
ChatCo 721,https://chat721.example.com
ChatCo 722,https://chat722.example.com
ChatCo 723,https://chat723.example.com
ChatCo 724,https://chat724.example.com
ChatCo 725,https://chat725.example.com
ChatCo 726,https://chat726.example.com
ChatCo 727,https://chat727.example.com
ChatCo 728,https://chat728.example.com
ChatCo 729,https://chat729.example.com
ChatCo 730,https://chat730.example.com
ChatCo 731,https://chat731.example.com
ChatCo 732,https://chat732.example.com
ChatCo 733,https://chat733.example.com
ChatCo 734,https://chat734.example.com
ChatCo 735,https://chat735.example.com
ChatCo 736,https://chat736.example.com
ChatCo 737,https://chat737.example.com
ChatCo 738,https://chat738.example.com
ChatCo 739,https://chat739.example.com
ChatCo 740,https://chat740.example.com
ChatCo 741,https://chat741.example.com
ChatCo 742,https://chat742.example.com
ChatCo 743,https://chat743.example.com
ChatCo 744,https://chat744.example.com
ChatCo 745,https://chat745.example.com
ChatCo 746,https://chat746.example.com
ChatCo 747,https://chat747.example.com
ChatCo 748,https://chat748.example.com
ChatCo 749,https://chat749.example.com
ChatCo 750,https://chat750.example.com
ChatCo 751,https://chat751.example.com
ChatCo 752,https://chat752.example.com
ChatCo 753,https://chat753.example.com
ChatCo 754,https://chat754.example.com
ChatCo 755,https://chat755.example.com
ChatCo 756,https://chat756.example.com
ChatCo 757,https://chat757.example.com
ChatCo 758,https://chat758.example.com
ChatCo 759,https://chat759.example.com
ChatCo 760,https://chat760.example.com
ChatCo 761,https://chat761.example.com
ChatCo 762,https://chat762.example.com
ChatCo 763,https://chat763.example.com
ChatCo 764,https://chat764.example.com
ChatCo 765,https://chat765.example.com
ChatCo 766,https://chat766.example.com
ChatCo 767,https://chat767.example.com
ChatCo 768,https://chat768.example.com
ChatCo 769,https://chat769.example.com
ChatCo 770,https://chat770.example.com
ChatCo 771,https://chat771.example.com
ChatCo 772,https://chat772.example.com
ChatCo 773,https://chat773.example.com
ChatCo 774,https://chat774.example.com
ChatCo 775,https://chat775.example.com
ChatCo 776,https://chat776.example.com
ChatCo 777,https://chat777.example.com
ChatCo 778,https://chat778.example.com
ChatCo 779,https://chat779.example.com
ChatCo 780,https://chat780.example.com
ChatCo 781,https://chat781.example.com
ChatCo 782,https://chat782.example.com
ChatCo 783,https://chat783.example.com
ChatCo 784,https://chat784.example.com
ChatCo 785,https://chat785.example.com
ChatCo 786,https://chat786.example.com
ChatCo 787,https://chat787.example.com
ChatCo 788,https://chat788.example.com
ChatCo 789,https://chat789.example.com
ChatCo 790,https://chat790.example.com
ChatCo 791,https://chat791.example.com
ChatCo 792,https://chat792.example.com
ChatCo 793,https://chat793.example.com
ChatCo 794,https://chat794.example.com
ChatCo 795,https://chat795.example.com
ChatCo 796,https://chat796.example.com
ChatCo 797,https://chat797.example.com
ChatCo 798,https://chat798.example.com
ChatCo 799,https://chat799.example.com
ChatCo 800,https://chat800.example.com
ChatCo 801,https://chat801.example.com
ChatCo 802,https://chat802.example.com
ChatCo 803,https://chat803.example.com
ChatCo 804,https://chat804.example.com
ChatCo 805,https://chat805.example.com
ChatCo 806,https://chat806.example.com
ChatCo 807,https://chat807.example.com
ChatCo 808,https://chat808.example.com
ChatCo 809,https://chat809.example.com
ChatCo 810,https://chat810.example.com
ChatCo 811,https://chat811.example.com
ChatCo 812,https://chat812.example.com
ChatCo 813,https://chat813.example.com
ChatCo 814,https://chat814.example.com
ChatCo 815,https://chat815.example.com
ChatCo 816,https://chat816.example.com
ChatCo 817,https://chat817.example.com
ChatCo 818,https://chat818.example.com
ChatCo 819,https://chat819.example.com
ChatCo 820,https://chat820.example.com
ChatCo 821,https://chat821.example.com
ChatCo 822,https://chat822.example.com
ChatCo 823,https://chat823.example.com
ChatCo 824,https://chat824.example.com
ChatCo 825,https://chat825.example.com
ChatCo 826,https://chat826.example.com
ChatCo 827,https://chat827.example.com
ChatCo 828,https://chat828.example.com
ChatCo 829,https://chat829.example.com
ChatCo 830,https://chat830.example.com
ChatCo 831,https://chat831.example.com
ChatCo 832,https://chat832.example.com
ChatCo 833,https://chat833.example.com
ChatCo 834,https://chat834.example.com
ChatCo 835,https://chat835.example.com
ChatCo 836,https://chat836.example.com
ChatCo 837,https://chat837.example.com
ChatCo 838,https://chat838.example.com
ChatCo 839,https://chat839.example.com
ChatCo 840,https://chat840.example.com
ChatCo 841,https://chat841.example.com
ChatCo 842,https://chat842.example.com
ChatCo 843,https://chat843.example.com
ChatCo 844,https://chat844.example.com
ChatCo 845,https://chat845.example.com
ChatCo 846,https://chat846.example.com
ChatCo 847,https://chat847.example.com
ChatCo 848,https://chat848.example.com
ChatCo 849,https://chat849.example.com
ChatCo 850,https://chat850.example.com
ChatCo 851,https://chat851.example.com
ChatCo 852,https://chat852.example.com
ChatCo 853,https://chat853.example.com
ChatCo 854,https://chat854.example.com
ChatCo 855,https://chat855.example.com
ChatCo 856,https://chat856.example.com
ChatCo 857,https://chat857.example.com
ChatCo 858,https://chat858.example.com
ChatCo 859,https://chat859.example.com
ChatCo 860,https://chat860.example.com
ChatCo 861,https://chat861.example.com
ChatCo 862,https://chat862.example.com
ChatCo 863,https://chat863.example.com
ChatCo 864,https://chat864.example.com
ChatCo 865,https://chat865.example.com
ChatCo 866,https://chat866.example.com
ChatCo 867,https://chat867.example.com
ChatCo 868,https://chat868.example.com
ChatCo 869,https://chat869.example.com
ChatCo 870,https://chat870.example.com
ChatCo 871,https://chat871.example.com
ChatCo 872,https://chat872.example.com
ChatCo 873,https://chat873.example.com
ChatCo 874,https://chat874.example.com
ChatCo 875,https://chat875.example.com
ChatCo 876,https://chat876.example.com
ChatCo 877,https://chat877.example.com
ChatCo 878,https://chat878.example.com
ChatCo 879,https://chat879.example.com
ChatCo 880,https://chat880.example.com
ChatCo 881,https://chat881.example.com
ChatCo 882,https://chat882.example.com
ChatCo 883,https://chat883.example.com
ChatCo 884,https://chat884.example.com
ChatCo 885,https://chat885.example.com
ChatCo 886,https://chat886.example.com
ChatCo 887,https://chat887.example.com
ChatCo 888,https://chat888.example.com
ChatCo 889,https://chat889.example.com
ChatCo 890,https://chat890.example.com
ChatCo 891,https://chat891.example.com
ChatCo 892,https://chat892.example.com
ChatCo 893,https://chat893.example.com
ChatCo 894,https://chat894.example.com
ChatCo 895,https://chat895.example.com
ChatCo 896,https://chat896.example.com
ChatCo 897,https://chat897.example.com
ChatCo 898,https://chat898.example.com
ChatCo 899,https://chat899.example.com
ChatCo 900,https://chat900.example.com
ChatCo 901,https://chat901.example.com
ChatCo 902,https://chat902.example.com
ChatCo 903,https://chat903.example.com
ChatCo 904,https://chat904.example.com
ChatCo 905,https://chat905.example.com
ChatCo 906,https://chat906.example.com
ChatCo 907,https://chat907.example.com
ChatCo 908,https://chat908.example.com
ChatCo 909,https://chat909.example.com
ChatCo 910,https://chat910.example.com
ChatCo 911,https://chat911.example.com
ChatCo 912,https://chat912.example.com
ChatCo 913,https://chat913.example.com
ChatCo 914,https://chat914.example.com
ChatCo 915,https://chat915.example.com
ChatCo 916,https://chat916.example.com
ChatCo 917,https://chat917.example.com
ChatCo 918,https://chat918.example.com
ChatCo 919,https://chat919.example.com
ChatCo 920,https://chat920.example.com
ChatCo 921,https://chat921.example.com
ChatCo 922,https://chat922.example.com
ChatCo 923,https://chat923.example.com
ChatCo 924,https://chat924.example.com
ChatCo 925,https://chat925.example.com
ChatCo 926,https://chat926.example.com
ChatCo 927,https://chat927.example.com
ChatCo 928,https://chat928.example.com
ChatCo 929,https://chat929.example.com
ChatCo 930,https://chat930.example.com
ChatCo 931,https://chat931.example.com
ChatCo 932,https://chat932.example.com
ChatCo 933,https://chat933.example.com
ChatCo 934,https://chat934.example.com
ChatCo 935,https://chat935.example.com
ChatCo 936,https://chat936.example.com
ChatCo 937,https://chat937.example.com
ChatCo 938,https://chat938.example.com
ChatCo 939,https://chat939.example.com
ChatCo 940,https://chat940.example.com
ChatCo 941,https://chat941.example.com
ChatCo 942,https://chat942.example.com
ChatCo 943,https://chat943.example.com
ChatCo 944,https://chat944.example.com
ChatCo 945,https://chat945.example.com
ChatCo 946,https://chat946.example.com
ChatCo 947,https://chat947.example.com
ChatCo 948,https://chat948.example.com
ChatCo 949,https://chat949.example.com
ChatCo 950,https://chat950.example.com
ChatCo 951,https://chat951.example.com
ChatCo 952,https://chat952.example.com
ChatCo 953,https://chat953.example.com
ChatCo 954,https://chat954.example.com
ChatCo 955,https://chat955.example.com
ChatCo 956,https://chat956.example.com
ChatCo 957,https://chat957.example.com
ChatCo 958,https://chat958.example.com
ChatCo 959,https://chat959.example.com
ChatCo 960,https://chat960.example.com
ChatCo 961,https://chat961.example.com
ChatCo 962,https://chat962.example.com
ChatCo 963,https://chat963.example.com
ChatCo 964,https://chat964.example.com
ChatCo 965,https://chat965.example.com
ChatCo 966,https://chat966.example.com
ChatCo 967,https://chat967.example.com
ChatCo 968,https://chat968.example.com
ChatCo 969,https://chat969.example.com
ChatCo 970,https://chat970.example.com
ChatCo 971,https://chat971.example.com
ChatCo 972,https://chat972.example.com
ChatCo 973,https://chat973.example.com
ChatCo 974,https://chat974.example.com
ChatCo 975,https://chat975.example.com
ChatCo 976,https://chat976.example.com
ChatCo 977,https://chat977.example.com
ChatCo 978,https://chat978.example.com
ChatCo 979,https://chat979.example.com
ChatCo 980,https://chat980.example.com
ChatCo 981,https://chat981.example.com
ChatCo 982,https://chat982.example.com
ChatCo 983,https://chat983.example.com
ChatCo 984,https://chat984.example.com
ChatCo 985,https://chat985.example.com
ChatCo 986,https://chat986.example.com
ChatCo 987,https://chat987.example.com
ChatCo 988,https://chat988.example.com
ChatCo 989,https://chat989.example.com
ChatCo 990,https://chat990.example.com
ChatCo 991,https://chat991.example.com
ChatCo 992,https://chat992.example.com
ChatCo 993,https://chat993.example.com
ChatCo 994,https://chat994.example.com
ChatCo 995,https://chat995.example.com
ChatCo 996,https://chat996.example.com
ChatCo 997,https://chat997.example.com
ChatCo 998,https://chat998.example.com
ChatCo 999,https://chat999.example.com